Year,Country,POVERTY50,forceddisplacment,violentconflict,GIIgender,safetynet,aidtrade,coremulti,odaclimate,Infectiousbimulti,peacesec,tied and contracts,unvote,arms1,cpa,elections,Poverty50,forceddisplacment,violentconflict,GII,safetynet,aidtrade,coremulti,odaclimate,Infectiousbimulti,peacesec,tied and contracts,unvote,Arms trade (1),cpa,elections,Need,Global System,Public Spirited,sum of ranks,Rank,Rank change,Rank change (string),Story 1,Story 2
2013,Australia,0,0,0,0,0,0,0,0,0,0,0,0,0,0,0,0,0,0,0,0,0,0,0,0,0,0,0,0,0,0,4.067176739,6.603608556,7.837948553,18.50873385,17,N/A,N/A,n/a,n/a
2013,Austria,0,0,0,0,0,0,0,0,0,0,0,0,0,0,0,0,0,0,0,0,0,0,0,0,0,0,0,0,0,0,3.700323237,6.881907262,4.936537499,15.518768,21,N/A,N/A,n/a,n/a
2013,Belgium,0,0,0,0,0,0,0,0,0,0,0,0,0,0,0,0,0,0,0,0,0,0,0,0,0,0,0,0,0,0,5.77600518,6.345895269,7.818516032,19.94041648,11,N/A,N/A,n/a,n/a
2013,Canada,0,0,0,0,0,0,0,0,0,0,0,0,0,0,0,0,0,0,0,0,0,0,0,0,0,0,0,0,0,0,6.695165434,8.977832774,7.460336261,23.13333447,4,N/A,N/A,n/a,n/a
2013,Czech Republic,0,0,0,0,0,0,0,0,0,0,0,0,0,0,0,0,0,0,0,0,0,0,0,0,0,0,0,0,0,0,4.708465711,5.441413965,3.928366346,14.07824602,23,N/A,N/A,n/a,n/a
2013,Denmark,0,0,0,0,0,0,0,0,0,0,0,0,0,0,0,0,0,0,0,0,0,0,0,0,0,0,0,0,0,0,5.735812981,7.046667905,7.040814457,19.82329534,12,N/A,N/A,n/a,n/a
2013,Finland,0,0,0,0,0,0,0,0,0,0,0,0,0,0,0,0,0,0,0,0,0,0,0,0,0,0,0,0,0,0,6.7498584,8.405749355,7.167733956,22.32334171,7,N/A,N/A,n/a,n/a
2013,France,0,0,0,0,0,0,0,0,0,0,0,0,0,0,0,0,0,0,0,0,0,0,0,0,0,0,0,0,0,0,4.064373796,7.51735159,7.032025159,18.61375054,16,N/A,N/A,n/a,n/a
2013,Germany,0,0,0,0,0,0,0,0,0,0,0,0,0,0,0,0,0,0,0,0,0,0,0,0,0,0,0,0,0,0,5.284132694,7.784349712,7.711356552,20.77983896,9,N/A,N/A,n/a,n/a
2013,Greece,0,0,0,0,0,0,0,0,0,0,0,0,0,0,0,0,0,0,0,0,0,0,0,0,0,0,0,0,0,0,2.048045294,1.21502516,2.561330582,5.824401036,28,N/A,N/A,n/a,n/a
2013,Iceland,0,0,0,0,0,0,0,0,0,0,0,0,0,0,0,0,0,0,0,0,0,0,0,0,0,0,0,0,0,0,7.046891054,7.722702241,6.895124228,21.66471752,8,N/A,N/A,n/a,n/a
2013,Ireland,0,0,0,0,0,0,0,0,0,0,0,0,0,0,0,0,0,0,0,0,0,0,0,0,0,0,0,0,0,0,8.214492065,7.124720645,8.498634031,23.83784674,3,N/A,N/A,n/a,n/a
2013,Italy,0,0,0,0,0,0,0,0,0,0,0,0,0,0,0,0,0,0,0,0,0,0,0,0,0,0,0,0,0,0,4.834559184,5.552938896,6.797658352,17.18515643,19,N/A,N/A,n/a,n/a
2013,Japan,0,0,0,0,0,0,0,0,0,0,0,0,0,0,0,0,0,0,0,0,0,0,0,0,0,0,0,0,0,0,4.977910103,6.823679876,7.15200241,18.95359239,15,N/A,N/A,n/a,n/a
2013,Korea,0,0,0,0,0,0,0,0,0,0,0,0,0,0,0,0,0,0,0,0,0,0,0,0,0,0,0,0,0,0,5.018909284,6.979071663,6.361499185,18.35948013,18,N/A,N/A,n/a,n/a
2013,Luxembourg,0,0,0,0,0,0,0,0,0,0,0,0,0,0,0,0,0,0,0,0,0,0,0,0,0,0,0,0,0,0,5.514728399,5.733108115,7.906896634,19.15473315,14,N/A,N/A,n/a,n/a
2013,Netherlands,0,0,0,0,0,0,0,0,0,0,0,0,0,0,0,0,0,0,0,0,0,0,0,0,0,0,0,0,0,0,5.503047873,8.460352561,5.996299921,19.95970036,10,N/A,N/A,n/a,n/a
2013,New Zealand,0,0,0,0,0,0,0,0,0,0,0,0,0,0,0,0,0,0,0,0,0,0,0,0,0,0,0,0,0,0,2.974356422,6.447975653,2.952119795,12.37445187,24,N/A,N/A,n/a,n/a
2013,Norway,0,0,0,0,0,0,0,0,0,0,0,0,0,0,0,0,0,0,0,0,0,0,0,0,0,0,0,0,0,0,5.95728012,9.493338548,6.965436579,22.41605525,6,N/A,N/A,n/a,n/a
2013,Poland,0,0,0,0,0,0,0,0,0,0,0,0,0,0,0,0,0,0,0,0,0,0,0,0,0,0,0,0,0,0,3.844251684,3.404713249,3.661092402,10.91005733,26,N/A,N/A,n/a,n/a
2013,Portugal,0,0,0,0,0,0,0,0,0,0,0,0,0,0,0,0,0,0,0,0,0,0,0,0,0,0,0,0,0,0,3.731180451,4.596495719,5.951636841,14.27931301,22,N/A,N/A,n/a,n/a
2013,Slovak Republic,0,0,0,0,0,0,0,0,0,0,0,0,0,0,0,0,0,0,0,0,0,0,0,0,0,0,0,0,0,0,4.277261795,4.340229844,3.547772463,12.1652641,25,N/A,N/A,n/a,n/a
2013,Slovenia,0,0,0,0,0,0,0,0,0,0,0,0,0,0,0,0,0,0,0,0,0,0,0,0,0,0,0,0,0,0,1.380728095,5.902717613,1.325197301,8.60864301,27,N/A,N/A,n/a,n/a
2013,Spain,0,0,0,0,0,0,0,0,0,0,0,0,0,0,0,0,0,0,0,0,0,0,0,0,0,0,0,0,0,0,5.716934007,5.332927132,5.459486706,16.50934785,20,N/A,N/A,n/a,n/a
2013,Sweden,0,0,0,0,0,0,0,0,0,0,0,0,0,0,0,0,0,0,0,0,0,0,0,0,0,0,0,0,0,0,6.74543648,8.839378892,7.330916939,22.91573231,5,N/A,N/A,n/a,n/a
2013,Switzerland,0,0,0,0,0,0,0,0,0,0,0,0,0,0,0,0,0,0,0,0,0,0,0,0,0,0,0,0,0,0,4.805469189,7.999545562,6.569834865,19.37484962,13,N/A,N/A,n/a,n/a
2013,United Kingdom,0,0,0,0,0,0,0,0,0,0,0,0,0,0,0,0,0,0,0,0,0,0,0,0,0,0,0,0,0,0,7.409420304,9.667119664,8.3648881,25.44142807,1,N/A,N/A,n/a,n/a
2013,United States,0,0,0,0,0,0,0,0,0,0,0,0,0,0,0,0,0,0,0,0,0,0,0,0,0,0,0,0,0,0,7.457612082,9.250055442,7.657427742,24.36509527,2,N/A,N/A,n/a,n/a
2014,Australia,0,0,0,0,0,0,0,0,0,0,0,0,0,0,0,0,0,0,0,0,0,0,0,0,0,0,0,0,0,0,4.358149833,7.243967269,7.348816114,18.95093322,17,0,0,n/a,n/a
2014,Austria,0,0,0,0,0,0,0,0,0,0,0,0,0,0,0,0,0,0,0,0,0,0,0,0,0,0,0,0,0,0,3.18541728,6.099562491,4.964081777,14.24906155,22,-1,-,n/a,n/a
2014,Belgium,0,0,0,0,0,0,0,0,0,0,0,0,0,0,0,0,0,0,0,0,0,0,0,0,0,0,0,0,0,0,5.569467247,6.677158369,8.086271112,20.33289673,13,-2,-,n/a,n/a
2014,Canada,0,0,0,0,0,0,0,0,0,0,0,0,0,0,0,0,0,0,0,0,0,0,0,0,0,0,0,0,0,0,6.471848297,7.255073295,6.772771517,20.49969311,12,-8,-,n/a,n/a
2014,Czech Republic,0,0,0,0,0,0,0,0,0,0,0,0,0,0,0,0,0,0,0,0,0,0,0,0,0,0,0,0,0,0,5.541765077,5.109747116,3.795389149,14.44690134,21,2,+,n/a,n/a
2014,Denmark,0,0,0,0,0,0,0,0,0,0,0,0,0,0,0,0,0,0,0,0,0,0,0,0,0,0,0,0,0,0,5.919031055,7.33628771,7.338271853,20.59359062,11,1,+,n/a,n/a
2014,Finland,0,0,0,0,0,0,0,0,0,0,0,0,0,0,0,0,0,0,0,0,0,0,0,0,0,0,0,0,0,0,7.469010425,8.702295236,6.371718694,22.54302436,5,2,+,n/a,n/a
2014,France,0,0,0,0,0,0,0,0,0,0,0,0,0,0,0,0,0,0,0,0,0,0,0,0,0,0,0,0,0,0,3.569688644,7.375290902,6.912500853,17.8574804,19,-3,-,n/a,n/a
2014,Germany,0,0,0,0,0,0,0,0,0,0,0,0,0,0,0,0,0,0,0,0,0,0,0,0,0,0,0,0,0,0,5.055399384,7.607351442,7.585529669,20.2482805,14,-5,-,n/a,n/a
2014,Greece,0,0,0,0,0,0,0,0,0,0,0,0,0,0,0,0,0,0,0,0,0,0,0,0,0,0,0,0,0,0,1.684150879,0.604804311,3.256138692,5.545093882,28,0,0,n/a,n/a
2014,Iceland,0,0,0,0,0,0,0,0,0,0,0,0,0,0,0,0,0,0,0,0,0,0,0,0,0,0,0,0,0,0,7.64675339,8.287222791,5.871223485,21.80519967,6,2,+,n/a,n/a
2014,Ireland,0,0,0,0,0,0,0,0,0,0,0,0,0,0,0,0,0,0,0,0,0,0,0,0,0,0,0,0,0,0,8.912010764,6.847077747,8.674136965,24.43322548,3,0,0,n/a,n/a
2014,Italy,0,0,0,0,0,0,0,0,0,0,0,0,0,0,0,0,0,0,0,0,0,0,0,0,0,0,0,0,0,0,4.64140451,5.18093707,6.846432555,16.66877413,20,-1,-,n/a,n/a
2014,Japan,0,0,0,0,0,0,0,0,0,0,0,0,0,0,0,0,0,0,0,0,0,0,0,0,0,0,0,0,0,0,5.541984209,7.960199537,7.407026273,20.90921002,8,7,+,n/a,n/a
2014,Korea,0,0,0,0,0,0,0,0,0,0,0,0,0,0,0,0,0,0,0,0,0,0,0,0,0,0,0,0,0,0,5.332016819,6.870475264,7.076129437,19.27862152,15,3,+,n/a,n/a
2014,Luxembourg,0,0,0,0,0,0,0,0,0,0,0,0,0,0,0,0,0,0,0,0,0,0,0,0,0,0,0,0,0,0,6.009016355,6.45001336,8.182955174,20.64198489,10,4,+,n/a,n/a
2014,Netherlands,0,0,0,0,0,0,0,0,0,0,0,0,0,0,0,0,0,0,0,0,0,0,0,0,0,0,0,0,0,0,5.415581357,7.438970643,6.328715681,19.18326768,16,-6,-,n/a,n/a
2014,New Zealand,0,0,0,0,0,0,0,0,0,0,0,0,0,0,0,0,0,0,0,0,0,0,0,0,0,0,0,0,0,0,2.653795004,7.209568264,3.13192698,12.99529025,25,-1,-,n/a,n/a
2014,Norway,0,0,0,0,0,0,0,0,0,0,0,0,0,0,0,0,0,0,0,0,0,0,0,0,0,0,0,0,0,0,6.330697625,9.913062752,6.911642277,23.15540265,4,2,+,n/a,n/a
2014,Poland,0,0,0,0,0,0,0,0,0,0,0,0,0,0,0,0,0,0,0,0,0,0,0,0,0,0,0,0,0,0,4.682130489,4.322813304,4.20584604,13.21078983,24,2,+,n/a,n/a
2014,Portugal,0,0,0,0,0,0,0,0,0,0,0,0,0,0,0,0,0,0,0,0,0,0,0,0,0,0,0,0,0,0,3.582798923,4.921503169,5.146461194,13.65076329,23,-1,-,n/a,n/a
2014,Slovak Republic,0,0,0,0,0,0,0,0,0,0,0,0,0,0,0,0,0,0,0,0,0,0,0,0,0,0,0,0,0,0,3.256320991,3.750309285,2.64500969,9.651639967,26,-1,-,n/a,n/a
2014,Slovenia,0,0,0,0,0,0,0,0,0,0,0,0,0,0,0,0,0,0,0,0,0,0,0,0,0,0,0,0,0,0,1.306545542,5.224930088,0.614040753,7.145516383,27,0,0,n/a,n/a
2014,Spain,0,0,0,0,0,0,0,0,0,0,0,0,0,0,0,0,0,0,0,0,0,0,0,0,0,0,0,0,0,0,5.821481206,5.949772124,6.589869302,18.36112263,18,2,+,n/a,n/a
2014,Sweden,0,0,0,0,0,0,0,0,0,0,0,0,0,0,0,0,0,0,0,0,0,0,0,0,0,0,0,0,0,0,6.565798002,7.839678419,7.29687546,21.70235188,7,-2,-,n/a,n/a
2014,Switzerland,0,0,0,0,0,0,0,0,0,0,0,0,0,0,0,0,0,0,0,0,0,0,0,0,0,0,0,0,0,0,4.859432369,8.251969615,7.655996919,20.7673989,9,4,+,n/a,n/a
2014,United Kingdom,0,0,0,0,0,0,0,0,0,0,0,0,0,0,0,0,0,0,0,0,0,0,0,0,0,0,0,0,0,0,7.266603772,9.297754365,7.951363946,24.51572208,1,0,0,n/a,n/a
2014,United States,0,0,0,0,0,0,0,0,0,0,0,0,0,0,0,0,0,0,0,0,0,0,0,0,0,0,0,0,0,0,7.805466631,8.979600751,7.721642982,24.50671036,2,0,0,n/a,n/a
2015,Australia,0,0,0,0,0,0,0,0,0,0,0,0,0,0,0,0,0,0,0,0,0,0,0,0,0,0,0,0,0,0,3.984456027,6.952421518,8.188648986,19.12552653,15,2,+,n/a,n/a
2015,Austria,0,0,0,0,0,0,0,0,0,0,0,0,0,0,0,0,0,0,0,0,0,0,0,0,0,0,0,0,0,0,2.446826523,5.392255259,4.260365863,12.09944765,25,-3,-,n/a,n/a
2015,Belgium,0,0,0,0,0,0,0,0,0,0,0,0,0,0,0,0,0,0,0,0,0,0,0,0,0,0,0,0,0,0,6.409716494,5.952470343,8.360531764,20.7227186,9,4,+,n/a,n/a
2015,Canada,0,0,0,0,0,0,0,0,0,0,0,0,0,0,0,0,0,0,0,0,0,0,0,0,0,0,0,0,0,0,6.656356165,9.294841457,7.336753489,23.28795111,4,8,+,n/a,n/a
2015,Czech Republic,0,0,0,0,0,0,0,0,0,0,0,0,0,0,0,0,0,0,0,0,0,0,0,0,0,0,0,0,0,0,4.616381175,5.330914951,4.7804684,14.72776453,21,0,0,n/a,n/a
2015,Denmark,0,0,0,0,0,0,0,0,0,0,0,0,0,0,0,0,0,0,0,0,0,0,0,0,0,0,0,0,0,0,5.435895366,6.6613325,7.305525165,19.40275303,13,-2,-,n/a,n/a
2015,Finland,0,0,0,0,0,0,0,0,0,0,0,0,0,0,0,0,0,0,0,0,0,0,0,0,0,0,0,0,0,0,6.463528656,8.93694326,7.402073751,22.80254567,6,-1,-,n/a,n/a
2015,France,0,0,0,0,0,0,0,0,0,0,0,0,0,0,0,0,0,0,0,0,0,0,0,0,0,0,0,0,0,0,3.627806072,7.673025208,7.294812795,18.59564408,17,2,+,n/a,n/a
2015,Germany,0,0,0,0,0,0,0,0,0,0,0,0,0,0,0,0,0,0,0,0,0,0,0,0,0,0,0,0,0,0,4.127422216,6.904974279,7.637865013,18.67026151,16,-2,-,n/a,n/a
2015,Greece,0,0,0,0,0,0,0,0,0,0,0,0,0,0,0,0,0,0,0,0,0,0,0,0,0,0,0,0,0,0,1.070669736,0.159964257,2.738759705,3.969393698,29,-1,-,n/a,n/a
2015,Hungary,0,0,0,0,0,0,0,0,0,0,0,0,0,0,0,0,0,0,0,0,0,0,0,0,0,0,0,0,0,0,2.199946848,2.556921838,3.678463347,8.435332034,28,N/A,+,n/a,n/a
2015,Iceland,0,0,0,0,0,0,0,0,0,0,0,0,0,0,0,0,0,0,0,0,0,0,0,0,0,0,0,0,0,0,8.167861735,7.88002201,7.063211515,23.11109526,5,1,+,n/a,n/a
2015,Ireland,0,0,0,0,0,0,0,0,0,0,0,0,0,0,0,0,0,0,0,0,0,0,0,0,0,0,0,0,0,0,9.137865366,6.97192785,8.306493437,24.41628665,2,1,+,n/a,n/a
2015,Italy,0,0,0,0,0,0,0,0,0,0,0,0,0,0,0,0,0,0,0,0,0,0,0,0,0,0,0,0,0,0,4.397426551,5.617234955,6.572932014,16.58759352,19,1,+,n/a,n/a
2015,Japan,0,0,0,0,0,0,0,0,0,0,0,0,0,0,0,0,0,0,0,0,0,0,0,0,0,0,0,0,0,0,4.886668878,7.829812063,6.746931758,19.4634127,12,-4,-,n/a,n/a
2015,Korea,0,0,0,0,0,0,0,0,0,0,0,0,0,0,0,0,0,0,0,0,0,0,0,0,0,0,0,0,0,0,5.377896351,7.296108021,6.583434077,19.25743845,14,1,+,n/a,n/a
2015,Luxembourg,0,0,0,0,0,0,0,0,0,0,0,0,0,0,0,0,0,0,0,0,0,0,0,0,0,0,0,0,0,0,6.147625838,6.678469493,8.560909192,21.38700452,8,2,+,n/a,n/a
2015,Netherlands,0,0,0,0,0,0,0,0,0,0,0,0,0,0,0,0,0,0,0,0,0,0,0,0,0,0,0,0,0,0,5.224275397,6.459973671,6.425136867,18.10938593,18,-2,-,n/a,n/a
2015,New Zealand,0,0,0,0,0,0,0,0,0,0,0,0,0,0,0,0,0,0,0,0,0,0,0,0,0,0,0,0,0,0,2.07107902,7.135649541,2.913501308,12.12022987,24,1,+,n/a,n/a
2015,Norway,0,0,0,0,0,0,0,0,0,0,0,0,0,0,0,0,0,0,0,0,0,0,0,0,0,0,0,0,0,0,5.81312259,9.730650161,6.376796338,21.92056909,7,-3,-,n/a,n/a
2015,Poland,0,0,0,0,0,0,0,0,0,0,0,0,0,0,0,0,0,0,0,0,0,0,0,0,0,0,0,0,0,0,4.79313333,4.503085937,5.082744628,14.37896389,22,2,+,n/a,n/a
2015,Portugal,0,0,0,0,0,0,0,0,0,0,0,0,0,0,0,0,0,0,0,0,0,0,0,0,0,0,0,0,0,0,3.987642362,5.003979117,5.321299691,14.31292117,23,0,0,n/a,n/a
2015,Slovak Republic,0,0,0,0,0,0,0,0,0,0,0,0,0,0,0,0,0,0,0,0,0,0,0,0,0,0,0,0,0,0,3.627315806,4.78022146,2.152125296,10.55966256,26,0,0,n/a,n/a
2015,Slovenia,0,0,0,0,0,0,0,0,0,0,0,0,0,0,0,0,0,0,0,0,0,0,0,0,0,0,0,0,0,0,1.724678672,4.526658996,3.347539259,9.598876927,27,0,0,n/a,n/a
2015,Spain,0,0,0,0,0,0,0,0,0,0,0,0,0,0,0,0,0,0,0,0,0,0,0,0,0,0,0,0,0,0,5.105333262,4.708031707,6.605654274,16.41901924,20,-2,-,n/a,n/a
2015,Sweden,0,0,0,0,0,0,0,0,0,0,0,0,0,0,0,0,0,0,0,0,0,0,0,0,0,0,0,0,0,0,5.619339376,7.502785159,7.519515457,20.64163999,10,-3,-,n/a,n/a
2015,Switzerland,0,0,0,0,0,0,0,0,0,0,0,0,0,0,0,0,0,0,0,0,0,0,0,0,0,0,0,0,0,0,4.857428539,7.689332646,7.986739235,20.53350042,11,-2,-,n/a,n/a
2015,United Kingdom,0,0,0,0,0,0,0,0,0,0,0,0,0,0,0,0,0,0,0,0,0,0,0,0,0,0,0,0,0,0,7.508597959,9.057786538,8.325852515,24.89223701,1,0,0,n/a,n/a
2015,United States,0,0,0,0,0,0,0,0,0,0,0,0,0,0,0,0,0,0,0,0,0,0,0,0,0,0,0,0,0,0,7.558603325,9.070190807,7.486184183,24.11497832,3,-1,-,n/a,n/a
2016,Australia,0,0,0,0,0,0,0,0,0,0,0,0,0,0,0,0,0,0,0,0,0,0,0,0,0,0,0,0,0,0,4.082665781,8.276194274,7.828064113,20.18692417,10,5,+,n/a,n/a
2016,Austria,0,0,0,0,0,0,0,0,0,0,0,0,0,0,0,0,0,0,0,0,0,0,0,0,0,0,0,0,0,0,3.046999513,5.143096352,5.269869631,13.4599655,23,2,+,n/a,n/a
2016,Belgium,0,0,0,0,0,0,0,0,0,0,0,0,0,0,0,0,0,0,0,0,0,0,0,0,0,0,0,0,0,0,6.195366045,5.545853694,8.245541914,19.98676165,12,-3,-,n/a,n/a
2016,Canada,0,0,0,0,0,0,0,0,0,0,0,0,0,0,0,0,0,0,0,0,0,0,0,0,0,0,0,0,0,0,6.434376041,8.801999139,7.358779143,22.59515432,5,-1,-,n/a,n/a
2016,Czech Republic,0,0,0,0,0,0,0,0,0,0,0,0,0,0,0,0,0,0,0,0,0,0,0,0,0,0,0,0,0,0,4.667274759,4.772844316,5.101919713,14.54203879,22,-1,-,n/a,n/a
2016,Denmark,0,0,0,0,0,0,0,0,0,0,0,0,0,0,0,0,0,0,0,0,0,0,0,0,0,0,0,0,0,0,5.645269019,6.645072245,7.458158054,19.74849932,14,-1,-,n/a,n/a
2016,Finland,0,0,0,0,0,0,0,0,0,0,0,0,0,0,0,0,0,0,0,0,0,0,0,0,0,0,0,0,0,0,5.986526387,7.364170467,7.441553817,20.79225067,9,-3,-,n/a,n/a
2016,France,0,0,0,0,0,0,0,0,0,0,0,0,0,0,0,0,0,0,0,0,0,0,0,0,0,0,0,0,0,0,3.58888624,7.386434724,7.747935624,18.72325659,18,-1,-,n/a,n/a
2016,Germany,0,0,0,0,0,0,0,0,0,0,0,0,0,0,0,0,0,0,0,0,0,0,0,0,0,0,0,0,0,0,4.315012141,6.891593051,8.06423212,19.27083731,16,0,0,n/a,n/a
2016,Greece,0,0,0,0,0,0,0,0,0,0,0,0,0,0,0,0,0,0,0,0,0,0,0,0,0,0,0,0,0,0,0,0,4.861066161,4.861066161,29,0,0,n/a,n/a
2016,Hungary,0,0,0,0,0,0,0,0,0,0,0,0,0,0,0,0,0,0,0,0,0,0,0,0,0,0,0,0,0,0,1.569312511,4.2192478,4.590372282,10.37893259,27,1,+,n/a,n/a
2016,Iceland,0,0,0,0,0,0,0,0,0,0,0,0,0,0,0,0,0,0,0,0,0,0,0,0,0,0,0,0,0,0,7.026725152,7.047048076,5.843679892,19.91745312,13,-8,-,n/a,n/a
2016,Ireland,0,0,0,0,0,0,0,0,0,0,0,0,0,0,0,0,0,0,0,0,0,0,0,0,0,0,0,0,0,0,9.836125732,7.088916893,8.69895917,25.6240018,1,1,+,n/a,n/a
2016,Italy,0,0,0,0,0,0,0,0,0,0,0,0,0,0,0,0,0,0,0,0,0,0,0,0,0,0,0,0,0,0,3.736571274,5.08929535,6.591819974,15.4176866,20,-1,-,n/a,n/a
2016,Japan,0,0,0,0,0,0,0,0,0,0,0,0,0,0,0,0,0,0,0,0,0,0,0,0,0,0,0,0,0,0,4.359212173,7.631851502,6.940901066,18.93196474,17,-5,-,n/a,n/a
2016,Korea,0,0,0,0,0,0,0,0,0,0,0,0,0,0,0,0,0,0,0,0,0,0,0,0,0,0,0,0,0,0,5.740335094,7.608622611,6.78182164,20.13077934,11,3,+,n/a,n/a
2016,Luxembourg,0,0,0,0,0,0,0,0,0,0,0,0,0,0,0,0,0,0,0,0,0,0,0,0,0,0,0,0,0,0,6.858704109,6.811457013,8.487159248,22.15732037,6,2,+,n/a,n/a
2016,Netherlands,0,0,0,0,0,0,0,0,0,0,0,0,0,0,0,0,0,0,0,0,0,0,0,0,0,0,0,0,0,0,6.069338459,8.030279023,6.811816377,20.91143386,8,10,+,n/a,n/a
2016,New Zealand,0,0,0,0,0,0,0,0,0,0,0,0,0,0,0,0,0,0,0,0,0,0,0,0,0,0,0,0,0,0,1.957174303,7.427487845,2.841719835,12.22638198,25,-1,-,n/a,n/a
2016,Norway,0,0,0,0,0,0,0,0,0,0,0,0,0,0,0,0,0,0,0,0,0,0,0,0,0,0,0,0,0,0,5.851528558,8.219402482,6.994820886,21.06575193,7,0,0,n/a,n/a
2016,Poland,0,0,0,0,0,0,0,0,0,0,0,0,0,0,0,0,0,0,0,0,0,0,0,0,0,0,0,0,0,0,5.931920924,5.021409325,4.499213228,15.45254348,19,3,+,n/a,n/a
2016,Portugal,0,0,0,0,0,0,0,0,0,0,0,0,0,0,0,0,0,0,0,0,0,0,0,0,0,0,0,0,0,0,5.352257059,4.182064693,5.294990755,14.82931251,21,2,+,n/a,n/a
2016,Slovak Republic,0,0,0,0,0,0,0,0,0,0,0,0,0,0,0,0,0,0,0,0,0,0,0,0,0,0,0,0,0,0,3.381432819,3.721878128,3.157541345,10.26085229,28,-2,-,n/a,n/a
2016,Slovenia,0,0,0,0,0,0,0,0,0,0,0,0,0,0,0,0,0,0,0,0,0,0,0,0,0,0,0,0,0,0,1.863176223,4.849016882,3.996560837,10.70875394,26,1,+,n/a,n/a
2016,Spain,0,0,0,0,0,0,0,0,0,0,0,0,0,0,0,0,0,0,0,0,0,0,0,0,0,0,0,0,0,0,3.066670615,4.18085156,5.226981425,12.4745036,24,-4,-,n/a,n/a
2016,Sweden,0,0,0,0,0,0,0,0,0,0,0,0,0,0,0,0,0,0,0,0,0,0,0,0,0,0,0,0,0,0,6.998936989,8.127722268,8.550314186,23.67697344,4,6,+,n/a,n/a
2016,Switzerland,0,0,0,0,0,0,0,0,0,0,0,0,0,0,0,0,0,0,0,0,0,0,0,0,0,0,0,0,0,0,4.654989571,7.364289551,7.724375043,19.74365417,15,-4,-,n/a,n/a
2016,United Kingdom,0,0,0,0,0,0,0,0,0,0,0,0,0,0,0,0,0,0,0,0,0,0,0,0,0,0,0,0,0,0,7.241464449,9.128932012,8.68224088,25.05263734,2,-1,-,n/a,n/a
2016,United States,0,0,0,0,0,0,0,0,0,0,0,0,0,0,0,0,0,0,0,0,0,0,0,0,0,0,0,0,0,0,7.48227928,9.352616594,7.540609272,24.37550515,3,0,0,n/a,n/a
2017,Australia,0,0,0,0,0,0,0,0,0,0,0,0,0,0,0,0,0,0,0,0,0,0,0,0,0,0,0,0,0,0,5.223326544,6.579662368,8.721730171,20.52471908,11,-1,-,n/a,n/a
2017,Austria,0,0,0,0,0,0,0,0,0,0,0,0,0,0,0,0,0,0,0,0,0,0,0,0,0,0,0,0,0,0,3.973689284,6.218439057,5.48188895,15.67401729,21,2,+,n/a,n/a
2017,Belgium,0,0,0,0,0,0,0,0,0,0,0,0,0,0,0,0,0,0,0,0,0,0,0,0,0,0,0,0,0,0,6.432789643,5.172428621,8.520929236,20.1261475,13,-1,-,n/a,n/a
2017,Canada,0,0,0,0,0,0,0,0,0,0,0,0,0,0,0,0,0,0,0,0,0,0,0,0,0,0,0,0,0,0,6.696713715,9.109647851,7.395300085,23.20166165,5,0,0,n/a,n/a
2017,Czech Republic,0,0,0,0,0,0,0,0,0,0,0,0,0,0,0,0,0,0,0,0,0,0,0,0,0,0,0,0,0,0,5.263934811,5.210661839,4.560604561,15.03520121,23,-1,-,n/a,n/a
2017,Denmark,0,0,0,0,0,0,0,0,0,0,0,0,0,0,0,0,0,0,0,0,0,0,0,0,0,0,0,0,0,0,6.2902023,7.559469984,7.537295889,21.38696817,8,6,+,n/a,n/a
2017,Finland,0,0,0,0,0,0,0,0,0,0,0,0,0,0,0,0,0,0,0,0,0,0,0,0,0,0,0,0,0,0,6.054589435,8.008600765,6.875880921,20.93907112,10,-1,-,n/a,n/a
2017,France,0,0,0,0,0,0,0,0,0,0,0,0,0,0,0,0,0,0,0,0,0,0,0,0,0,0,0,0,0,0,3.61208653,7.469694072,7.53974317,18.62152377,18,0,0,n/a,n/a
2017,Germany,0,0,0,0,0,0,0,0,0,0,0,0,0,0,0,0,0,0,0,0,0,0,0,0,0,0,0,0,0,0,4.606553522,7.144327295,7.938586105,19.68946692,15,1,+,n/a,n/a
2017,Greece,0,0,0,0,0,0,0,0,0,0,0,0,0,0,0,0,0,0,0,0,0,0,0,0,0,0,0,0,0,0,1.1850667,0.555305685,4.233746116,5.974118502,29,0,0,n/a,n/a
2017,Hungary,0,0,0,0,0,0,0,0,0,0,0,0,0,0,0,0,0,0,0,0,0,0,0,0,0,0,0,0,0,0,2.116943232,4.30840501,6.476304922,12.90165316,25,2,+,n/a,n/a
2017,Iceland,0,0,0,0,0,0,0,0,0,0,0,0,0,0,0,0,0,0,0,0,0,0,0,0,0,0,0,0,0,0,6.962151792,7.086938213,6.129852785,20.17894279,12,1,+,n/a,n/a
2017,Ireland,0,0,0,0,0,0,0,0,0,0,0,0,0,0,0,0,0,0,0,0,0,0,0,0,0,0,0,0,0,0,10,6.587139705,9.845355863,26.43249557,1,0,0,n/a,n/a
2017,Italy,0,0,0,0,0,0,0,0,0,0,0,0,0,0,0,0,0,0,0,0,0,0,0,0,0,0,0,0,0,0,4.023205033,5.739533731,6.587068542,16.34980731,20,0,0,n/a,n/a
2017,Japan,0,0,0,0,0,0,0,0,0,0,0,0,0,0,0,0,0,0,0,0,0,0,0,0,0,0,0,0,0,0,4.951868939,7.132110219,7.034672483,19.11865164,17,0,0,n/a,n/a
2017,Korea,0,0,0,0,0,0,0,0,0,0,0,0,0,0,0,0,0,0,0,0,0,0,0,0,0,0,0,0,0,0,5.644333836,7.587011991,6.593260203,19.82460603,14,-3,-,n/a,n/a
2017,Luxembourg,0,0,0,0,0,0,0,0,0,0,0,0,0,0,0,0,0,0,0,0,0,0,0,0,0,0,0,0,0,0,6.054256517,6.90043514,8.560469852,21.51516151,7,-1,-,n/a,n/a
2017,Netherlands,0,0,0,0,0,0,0,0,0,0,0,0,0,0,0,0,0,0,0,0,0,0,0,0,0,0,0,0,0,0,6.115633929,7.32928199,5.871291086,19.31620701,16,-8,-,n/a,n/a
2017,New Zealand,0,0,0,0,0,0,0,0,0,0,0,0,0,0,0,0,0,0,0,0,0,0,0,0,0,0,0,0,0,0,3.55879565,7.288063997,4.063593293,14.91045294,24,1,+,n/a,n/a
2017,Norway,0,0,0,0,0,0,0,0,0,0,0,0,0,0,0,0,0,0,0,0,0,0,0,0,0,0,0,0,0,0,6.182995079,8.968906583,6.570749457,21.72265112,6,1,+,n/a,n/a
2017,Poland,0,0,0,0,0,0,0,0,0,0,0,0,0,0,0,0,0,0,0,0,0,0,0,0,0,0,0,0,0,0,2.880993856,3.554566043,4.868693129,11.30425303,26,-7,-,n/a,n/a
2017,Portugal,0,0,0,0,0,0,0,0,0,0,0,0,0,0,0,0,0,0,0,0,0,0,0,0,0,0,0,0,0,0,5.656423106,4.902427982,5.068097657,15.62694875,22,-1,-,n/a,n/a
2017,Slovak Republic,0,0,0,0,0,0,0,0,0,0,0,0,0,0,0,0,0,0,0,0,0,0,0,0,0,0,0,0,0,0,3.383005711,3.23308607,2.326280054,8.942371835,28,0,0,n/a,n/a
2017,Slovenia,0,0,0,0,0,0,0,0,0,0,0,0,0,0,0,0,0,0,0,0,0,0,0,0,0,0,0,0,0,0,1.715659376,4.81339629,4.71053059,11.23958626,27,-1,-,n/a,n/a
2017,Spain,0,0,0,0,0,0,0,0,0,0,0,0,0,0,0,0,0,0,0,0,0,0,0,0,0,0,0,0,0,0,5.310736768,5.759429157,6.542479224,17.61264515,19,5,+,n/a,n/a
2017,Sweden,0,0,0,0,0,0,0,0,0,0,0,0,0,0,0,0,0,0,0,0,0,0,0,0,0,0,0,0,0,0,7.659344996,8.355055471,8.206081529,24.220482,3,1,+,n/a,n/a
2017,Switzerland,0,0,0,0,0,0,0,0,0,0,0,0,0,0,0,0,0,0,0,0,0,0,0,0,0,0,0,0,0,0,5.246054904,7.66733636,8.056130391,20.96952165,9,6,+,n/a,n/a
2017,United Kingdom,0,0,0,0,0,0,0,0,0,0,0,0,0,0,0,0,0,0,0,0,0,0,0,0,0,0,0,0,0,0,7.232653703,9.399155714,8.715285611,25.34709503,2,0,0,n/a,n/a
2017,United States,0,0,0,0,0,0,0,0,0,0,0,0,0,0,0,0,0,0,0,0,0,0,0,0,0,0,0,0,0,0,7.297945691,9.005210744,7.614295956,23.91745239,4,-1,-,n/a,n/a
2018,Australia,0,0,0,0,0,0,0,0,0,0,0,0,0,0,0,0,0,0,0,0,0,0,0,0,0,0,0,0,0,0,4.390586643,7.356673544,8.293467691,20.04072788,15,-4,-,n/a,n/a
2018,Austria,0,0,0,0,0,0,0,0,0,0,0,0,0,0,0,0,0,0,0,0,0,0,0,0,0,0,0,0,0,0,4.004399223,6.247072564,4.771048144,15.02251993,21,0,0,n/a,n/a
2018,Belgium,0,0,0,0,0,0,0,0,0,0,0,0,0,0,0,0,0,0,0,0,0,0,0,0,0,0,0,0,0,0,6.316812642,5.760203377,8.265318,20.34233402,13,0,0,n/a,n/a
2018,Canada,0,0,0,0,0,0,0,0,0,0,0,0,0,0,0,0,0,0,0,0,0,0,0,0,0,0,0,0,0,0,6.478694744,8.065146159,7.605299375,22.14914028,6,-1,-,n/a,n/a
2018,Czech Republic,0,0,0,0,0,0,0,0,0,0,0,0,0,0,0,0,0,0,0,0,0,0,0,0,0,0,0,0,0,0,4.732713886,4.081407145,4.047033167,12.8611542,24,-1,-,n/a,n/a
2018,Denmark,0,0,0,0,0,0,0,0,0,0,0,0,0,0,0,0,0,0,0,0,0,0,0,0,0,0,0,0,0,0,5.872289129,7.950170469,7.036008729,20.85846833,10,-2,-,n/a,n/a
2018,Finland,0,0,0,0,0,0,0,0,0,0,0,0,0,0,0,0,0,0,0,0,0,0,0,0,0,0,0,0,0,0,6.007622108,8.320397915,7.172651356,21.50067138,8,2,+,n/a,n/a
2018,France,0,0,0,0,0,0,0,0,0,0,0,0,0,0,0,0,0,0,0,0,0,0,0,0,0,0,0,0,0,0,3.877338209,6.99406114,7.337698229,18.20909758,18,0,0,n/a,n/a
2018,Germany,0,0,0,0,0,0,0,0,0,0,0,0,0,0,0,0,0,0,0,0,0,0,0,0,0,0,0,0,0,0,4.527926979,7.762121889,7.782448896,20.07249776,14,1,+,n/a,n/a
2018,Greece,0,0,0,0,0,0,0,0,0,0,0,0,0,0,0,0,0,0,0,0,0,0,0,0,0,0,0,0,0,0,1.009841314,0.696212275,2.162044104,3.868097693,29,0,0,n/a,n/a
2018,Hungary,0,0,0,0,0,0,0,0,0,0,0,0,0,0,0,0,0,0,0,0,0,0,0,0,0,0,0,0,0,0,3.767518801,4.075291264,6.580960543,14.42377061,22,3,+,n/a,n/a
2018,Iceland,0,0,0,0,0,0,0,0,0,0,0,0,0,0,0,0,0,0,0,0,0,0,0,0,0,0,0,0,0,0,8.048660457,6.66827181,7.311889177,22.02882144,7,5,+,n/a,n/a
2018,Ireland,0,0,0,0,0,0,0,0,0,0,0,0,0,0,0,0,0,0,0,0,0,0,0,0,0,0,0,0,0,0,8.582703152,6.599205754,10,25.18190891,1,0,0,n/a,n/a
2018,Italy,0,0,0,0,0,0,0,0,0,0,0,0,0,0,0,0,0,0,0,0,0,0,0,0,0,0,0,0,0,0,4.724680918,5.498751944,6.738242195,16.96167506,20,0,0,n/a,n/a
2018,Japan,0,0,0,0,0,0,0,0,0,0,0,0,0,0,0,0,0,0,0,0,0,0,0,0,0,0,0,0,0,0,4.834483385,7.200536303,6.39356852,18.42858821,17,0,0,n/a,n/a
2018,Korea,0,0,0,0,0,0,0,0,0,0,0,0,0,0,0,0,0,0,0,0,0,0,0,0,0,0,0,0,0,0,5.739068625,7.484817707,6.274318642,19.49820497,16,-2,-,n/a,n/a
2018,Luxembourg,0,0,0,0,0,0,0,0,0,0,0,0,0,0,0,0,0,0,0,0,0,0,0,0,0,0,0,0,0,0,5.480363001,6.828523465,8.524497125,20.83338359,11,-4,-,n/a,n/a
2018,Netherlands,0,0,0,0,0,0,0,0,0,0,0,0,0,0,0,0,0,0,0,0,0,0,0,0,0,0,0,0,0,0,6.214877957,7.880684658,6.519490605,20.61505322,12,4,+,n/a,n/a
2018,New Zealand,0,0,0,0,0,0,0,0,0,0,0,0,0,0,0,0,0,0,0,0,0,0,0,0,0,0,0,0,0,0,2.69476771,6.217160391,3.246298788,12.15822689,25,-1,-,n/a,n/a
2018,Norway,0,0,0,0,0,0,0,0,0,0,0,0,0,0,0,0,0,0,0,0,0,0,0,0,0,0,0,0,0,0,5.941708475,9.882749144,6.536318871,22.36077649,5,1,+,n/a,n/a
2018,Poland,0,0,0,0,0,0,0,0,0,0,0,0,0,0,0,0,0,0,0,0,0,0,0,0,0,0,0,0,0,0,2.765909037,4.625665581,4.695357767,12.08693239,26,0,0,n/a,n/a
2018,Portugal,0,0,0,0,0,0,0,0,0,0,0,0,0,0,0,0,0,0,0,0,0,0,0,0,0,0,0,0,0,0,5.242209249,4.62075989,4.183263618,14.04623276,23,-1,-,n/a,n/a
2018,Slovak Republic,0,0,0,0,0,0,0,0,0,0,0,0,0,0,0,0,0,0,0,0,0,0,0,0,0,0,0,0,0,0,2.495208845,3.727167448,1.763577928,7.985954221,28,0,0,n/a,n/a
2018,Slovenia,0,0,0,0,0,0,0,0,0,0,0,0,0,0,0,0,0,0,0,0,0,0,0,0,0,0,0,0,0,0,1.653243993,5.022418088,3.34531158,10.02097366,27,0,0,n/a,n/a
2018,Spain,0,0,0,0,0,0,0,0,0,0,0,0,0,0,0,0,0,0,0,0,0,0,0,0,0,0,0,0,0,0,5.475512641,5.452657259,6.354118943,17.28228884,19,0,0,n/a,n/a
2018,Sweden,0,0,0,0,0,0,0,0,0,0,0,0,0,0,0,0,0,0,0,0,0,0,0,0,0,0,0,0,0,0,7.534353536,8.782652171,8.286848295,24.603854,2,1,+,n/a,n/a
2018,Switzerland,0,0,0,0,0,0,0,0,0,0,0,0,0,0,0,0,0,0,0,0,0,0,0,0,0,0,0,0,0,0,5.320051788,7.70209577,7.878465233,20.90061279,9,0,0,n/a,n/a
2018,United Kingdom,0,0,0,0,0,0,0,0,0,0,0,0,0,0,0,0,0,0,0,0,0,0,0,0,0,0,0,0,0,0,6.748562344,9.273228902,8.3723325,24.39412375,3,-1,-,n/a,n/a
2018,United States,0,0,0,0,0,0,0,0,0,0,0,0,0,0,0,0,0,0,0,0,0,0,0,0,0,0,0,0,0,0,6.706981297,8.862129259,7.735916737,23.30502729,4,0,0,n/a,n/a
2019,Australia,0,0,0,0,0,0,0,0,0,0,0,0,0,0,0,0,0,0,0,0,0,0,0,0,0,0,0,0,0,0,4.413015746,7.607833059,7.916337961,19.93718677,15,0,0,n/a,n/a
2019,Austria,0,0,0,0,0,0,0,0,0,0,0,0,0,0,0,0,0,0,0,0,0,0,0,0,0,0,0,0,0,0,4.904825906,6.832345257,5.215789705,16.95296087,21,0,0,n/a,n/a
2019,Belgium,0,0,0,0,0,0,0,0,0,0,0,0,0,0,0,0,0,0,0,0,0,0,0,0,0,0,0,0,0,0,6.683078837,6.235913836,7.988883686,20.90787636,10,3,+,n/a,n/a
2019,Canada,0,0,0,0,0,0,0,0,0,0,0,0,0,0,0,0,0,0,0,0,0,0,0,0,0,0,0,0,0,0,6.770859042,9.256216995,7.799916558,23.82699259,4,2,+,n/a,n/a
2019,Czech Republic,0,0,0,0,0,0,0,0,0,0,0,0,0,0,0,0,0,0,0,0,0,0,0,0,0,0,0,0,0,0,5.007170185,4.010347708,3.787875352,12.80539324,25,-1,-,n/a,n/a
2019,Denmark,0,0,0,0,0,0,0,0,0,0,0,0,0,0,0,0,0,0,0,0,0,0,0,0,0,0,0,0,0,0,6.637752232,8.064582515,6.878429202,21.58076395,8,2,+,n/a,n/a
2019,Finland,0,0,0,0,0,0,0,0,0,0,0,0,0,0,0,0,0,0,0,0,0,0,0,0,0,0,0,0,0,0,5.75642852,8.328620332,6.670368587,20.75541744,11,-3,-,n/a,n/a
2019,France,0,0,0,0,0,0,0,0,0,0,0,0,0,0,0,0,0,0,0,0,0,0,0,0,0,0,0,0,0,0,3.956315951,7.08738931,7.303418706,18.34712397,17,1,+,n/a,n/a
2019,Germany,0,0,0,0,0,0,0,0,0,0,0,0,0,0,0,0,0,0,0,0,0,0,0,0,0,0,0,0,0,0,4.728771455,7.449876823,8.114296166,20.29294444,13,1,+,n/a,n/a
2019,Greece,0,0,0,0,0,0,0,0,0,0,0,0,0,0,0,0,0,0,0,0,0,0,0,0,0,0,0,0,0,0,0.738198111,0.017576123,0,0.755774234,29,0,0,n/a,n/a
2019,Hungary,0,0,0,0,0,0,0,0,0,0,0,0,0,0,0,0,0,0,0,0,0,0,0,0,0,0,0,0,0,0,4.745420272,2.897563843,6.50822602,14.15121013,23,-1,-,n/a,n/a
2019,Iceland,0,0,0,0,0,0,0,0,0,0,0,0,0,0,0,0,0,0,0,0,0,0,0,0,0,0,0,0,0,0,8.384011414,6.038814897,5.226513913,19.64934022,16,-9,-,n/a,n/a
2019,Ireland,0,0,0,0,0,0,0,0,0,0,0,0,0,0,0,0,0,0,0,0,0,0,0,0,0,0,0,0,0,0,8.865309431,6.722319475,9.585962702,25.17359161,1,0,0,n/a,n/a
2019,Italy,0,0,0,0,0,0,0,0,0,0,0,0,0,0,0,0,0,0,0,0,0,0,0,0,0,0,0,0,0,0,5.335761505,6.209903005,6.71292056,18.25858507,18,2,+,n/a,n/a
2019,Japan,0,0,0,0,0,0,0,0,0,0,0,0,0,0,0,0,0,0,0,0,0,0,0,0,0,0,0,0,0,0,4.828611885,6.751561461,5.584494799,17.16466814,20,-3,-,n/a,n/a
2019,Korea,0,0,0,0,0,0,0,0,0,0,0,0,0,0,0,0,0,0,0,0,0,0,0,0,0,0,0,0,0,0,6.472993932,6.833400177,6.775460756,20.08185487,14,2,+,n/a,n/a
2019,Luxembourg,0,0,0,0,0,0,0,0,0,0,0,0,0,0,0,0,0,0,0,0,0,0,0,0,0,0,0,0,0,0,5.820423577,6.468793061,8.629165533,20.91838217,9,2,+,n/a,n/a
2019,Netherlands,0,0,0,0,0,0,0,0,0,0,0,0,0,0,0,0,0,0,0,0,0,0,0,0,0,0,0,0,0,0,6.103828427,8.094984844,7.476053174,21.67486644,7,5,+,n/a,n/a
2019,New Zealand,0,0,0,0,0,0,0,0,0,0,0,0,0,0,0,0,0,0,0,0,0,0,0,0,0,0,0,0,0,0,2.979140319,6.617842053,5.113071482,14.71005385,22,3,+,n/a,n/a
2019,Norway,0,0,0,0,0,0,0,0,0,0,0,0,0,0,0,0,0,0,0,0,0,0,0,0,0,0,0,0,0,0,6.014581936,9.781706721,8.2479949,24.04428356,3,2,+,n/a,n/a
2019,Poland,0,0,0,0,0,0,0,0,0,0,0,0,0,0,0,0,0,0,0,0,0,0,0,0,0,0,0,0,0,0,2.623820103,4.937236786,4.323299776,11.88435667,27,-1,-,n/a,n/a
2019,Portugal,0,0,0,0,0,0,0,0,0,0,0,0,0,0,0,0,0,0,0,0,0,0,0,0,0,0,0,0,0,0,5.652702327,4.184076317,4.108489828,13.94526847,24,-1,-,n/a,n/a
2019,Slovak Republic,0,0,0,0,0,0,0,0,0,0,0,0,0,0,0,0,0,0,0,0,0,0,0,0,0,0,0,0,0,0,4.882414889,3.955102134,3.758312258,12.59582928,26,2,+,n/a,n/a
2019,Slovenia,0,0,0,0,0,0,0,0,0,0,0,0,0,0,0,0,0,0,0,0,0,0,0,0,0,0,0,0,0,0,1.74265167,5.117853078,3.080571913,9.941076661,28,-1,-,n/a,n/a
2019,Spain,0,0,0,0,0,0,0,0,0,0,0,0,0,0,0,0,0,0,0,0,0,0,0,0,0,0,0,0,0,0,5.588197325,5.67750422,6.497748725,17.76345027,19,0,0,n/a,n/a
2019,Sweden,0,0,0,0,0,0,0,0,0,0,0,0,0,0,0,0,0,0,0,0,0,0,0,0,0,0,0,0,0,0,7.809100918,8.870560874,8.009755153,24.68941694,2,0,0,n/a,n/a
2019,Switzerland,0,0,0,0,0,0,0,0,0,0,0,0,0,0,0,0,0,0,0,0,0,0,0,0,0,0,0,0,0,0,5.307599295,7.467905458,7.696697519,20.47220227,12,-3,-,n/a,n/a
2019,United Kingdom,0,0,0,0,0,0,0,0,0,0,0,0,0,0,0,0,0,0,0,0,0,0,0,0,0,0,0,0,0,0,6.831231453,8.299259103,8.673478479,23.80396903,5,-2,-,n/a,n/a
2019,United States,0,0,0,0,0,0,0,0,0,0,0,0,0,0,0,0,0,0,0,0,0,0,0,0,0,0,0,0,0,0,7.21724994,8.661841999,7.47573944,23.35483138,6,-2,-,n/a,n/a
2020,Australia,0,0,0,0,0,0,0,0,0,0,0,0,0,0,0,0,0,0,0,0,0,0,0,0,0,0,0,0,0,0,4.087814422,6.473915563,7.516785232,18.07851522,18,-3,-,n/a,n/a
2020,Austria,0,0,0,0,0,0,0,0,0,0,0,0,0,0,0,0,0,0,0,0,0,0,0,0,0,0,0,0,0,0,4.189034147,6.932733136,5.786804205,16.90857149,22,-1,-,n/a,n/a
2020,Belgium,0,0,0,0,0,0,0,0,0,0,0,0,0,0,0,0,0,0,0,0,0,0,0,0,0,0,0,0,0,0,6.832101644,6.744572326,8.167934643,21.74460861,7,3,+,n/a,n/a
2020,Canada,0,0,0,0,0,0,0,0,0,0,0,0,0,0,0,0,0,0,0,0,0,0,0,0,0,0,0,0,0,0,7.400197968,7.582222295,7.83205707,22.81447733,6,-2,-,n/a,n/a
2020,Czech Republic,0,0,0,0,0,0,0,0,0,0,0,0,0,0,0,0,0,0,0,0,0,0,0,0,0,0,0,0,0,0,5.382793577,3.968596343,4.639490126,13.99088005,23,2,+,n/a,n/a
2020,Denmark,0,0,0,0,0,0,0,0,0,0,0,0,0,0,0,0,0,0,0,0,0,0,0,0,0,0,0,0,0,0,6.470673843,8.040081826,6.973864761,21.48462043,8,0,0,n/a,n/a
2020,Finland,0,0,0,0,0,0,0,0,0,0,0,0,0,0,0,0,0,0,0,0,0,0,0,0,0,0,0,0,0,0,6.225148141,8.225227678,6.417983401,20.86835922,10,1,+,n/a,n/a
2020,France,0,0,0,0,0,0,0,0,0,0,0,0,0,0,0,0,0,0,0,0,0,0,0,0,0,0,0,0,0,0,3.555550941,6.732264424,6.705331487,16.99314685,21,-4,-,n/a,n/a
2020,Germany,0,0,0,0,0,0,0,0,0,0,0,0,0,0,0,0,0,0,0,0,0,0,0,0,0,0,0,0,0,0,4.637355917,7.755663576,7.592394783,19.98541428,15,-2,-,n/a,n/a
2020,Greece,0,0,0,0,0,0,0,0,0,0,0,0,0,0,0,0,0,0,0,0,0,0,0,0,0,0,0,0,0,0,2.199019687,0.109727634,3.082490394,5.391237716,29,0,0,n/a,n/a
2020,Hungary,0,0,0,0,0,0,0,0,0,0,0,0,0,0,0,0,0,0,0,0,0,0,0,0,0,0,0,0,0,0,3.14468971,4.140959358,6.652326647,13.93797572,24,-1,-,n/a,n/a
2020,Iceland,0,0,0,0,0,0,0,0,0,0,0,0,0,0,0,0,0,0,0,0,0,0,0,0,0,0,0,0,0,0,8.381316085,5.83623263,7.100118122,21.31766684,9,7,+,n/a,n/a
2020,Ireland,0,0,0,0,0,0,0,0,0,0,0,0,0,0,0,0,0,0,0,0,0,0,0,0,0,0,0,0,0,0,9.296249443,6.896270824,9.637662394,25.83018266,1,0,0,n/a,n/a
2020,Italy,0,0,0,0,0,0,0,0,0,0,0,0,0,0,0,0,0,0,0,0,0,0,0,0,0,0,0,0,0,0,5.023505324,6.63894231,6.738349158,18.40079679,16,2,+,n/a,n/a
2020,Japan,0,0,0,0,0,0,0,0,0,0,0,0,0,0,0,0,0,0,0,0,0,0,0,0,0,0,0,0,0,0,4.676628373,6.966620049,6.335777172,17.97902559,19,1,+,n/a,n/a
2020,Korea,0,0,0,0,0,0,0,0,0,0,0,0,0,0,0,0,0,0,0,0,0,0,0,0,0,0,0,0,0,0,5.994426112,6.653209332,8.116200368,20.76383581,11,3,+,n/a,n/a
2020,Luxembourg,0,0,0,0,0,0,0,0,0,0,0,0,0,0,0,0,0,0,0,0,0,0,0,0,0,0,0,0,0,0,5.643713298,6.849791248,8.019797695,20.51330224,13,-4,-,n/a,n/a
2020,Netherlands,0,0,0,0,0,0,0,0,0,0,0,0,0,0,0,0,0,0,0,0,0,0,0,0,0,0,0,0,0,0,6.239179044,7.417183733,6.769206153,20.42556893,14,-7,-,n/a,n/a
2020,New Zealand,0,0,0,0,0,0,0,0,0,0,0,0,0,0,0,0,0,0,0,0,0,0,0,0,0,0,0,0,0,0,2.331782552,7.541081783,7.197351754,17.07021609,20,2,+,n/a,n/a
2020,Norway,0,0,0,0,0,0,0,0,0,0,0,0,0,0,0,0,0,0,0,0,0,0,0,0,0,0,0,0,0,0,6.171029707,9.998471008,7.841049015,24.01054973,3,0,0,n/a,n/a
2020,Poland,0,0,0,0,0,0,0,0,0,0,0,0,0,0,0,0,0,0,0,0,0,0,0,0,0,0,0,0,0,0,2.76748534,4.237517037,4.612875509,11.61787789,26,1,+,n/a,n/a
2020,Portugal,0,0,0,0,0,0,0,0,0,0,0,0,0,0,0,0,0,0,0,0,0,0,0,0,0,0,0,0,0,0,5.158132022,3.693082291,4.265491263,13.11670558,25,-1,-,n/a,n/a
2020,Slovak Republic,0,0,0,0,0,0,0,0,0,0,0,0,0,0,0,0,0,0,0,0,0,0,0,0,0,0,0,0,0,0,3.487561247,3.567043408,2.028503415,9.083108071,27,-1,-,n/a,n/a
2020,Slovenia,0,0,0,0,0,0,0,0,0,0,0,0,0,0,0,0,0,0,0,0,0,0,0,0,0,0,0,0,0,0,1.747841751,4.34623976,2.69778133,8.791862842,28,0,0,n/a,n/a
2020,Spain,0,0,0,0,0,0,0,0,0,0,0,0,0,0,0,0,0,0,0,0,0,0,0,0,0,0,0,0,0,0,5.841884908,5.837600788,6.625561275,18.30504697,17,2,+,n/a,n/a
2020,Sweden,0,0,0,0,0,0,0,0,0,0,0,0,0,0,0,0,0,0,0,0,0,0,0,0,0,0,0,0,0,0,7.815853673,9.44857892,7.16291887,24.42735146,2,0,0,n/a,n/a
2020,Switzerland,0,0,0,0,0,0,0,0,0,0,0,0,0,0,0,0,0,0,0,0,0,0,0,0,0,0,0,0,0,0,5.042566759,8.048236317,7.497502921,20.588306,12,0,0,n/a,n/a
2020,United Kingdom,0,0,0,0,0,0,0,0,0,0,0,0,0,0,0,0,0,0,0,0,0,0,0,0,0,0,0,0,0,0,6.556186722,8.775371367,7.557935869,22.88949396,5,0,0,n/a,n/a
2020,United States,0,0,0,0,0,0,0,0,0,0,0,0,0,0,0,0,0,0,0,0,0,0,0,0,0,0,0,0,0,0,7.321888177,8.413604687,7.671201134,23.406694,4,2,+,n/a,n/a
2021,Australia,0,0,0,0,0,0,0,0,0,0,0,0,0,0,0,0,0,0,0,0,0,0,0,0,0,0,0,0,0,0,4.088412058,5.532626634,8.172051277,17.79308997,21,-3,-,0.023181805,n/a
2021,Austria,0,0,0,0,0,0,0,0,0,0,0,0,0,0,0,0,0,0,0,0,0,0,0,0,0,0,0,0,0,0,5.172970189,6.999118299,5.711421616,17.8835101,20,2,+,0.034470438,n/a
2021,Belgium,0,0,0,0,0,0,0,0,0,0,0,0,0,0,0,0,0,0,0,0,0,0,0,0,0,0,0,0,0,0,6.227654177,6.563518348,8.173096544,20.96426907,12,-5,-,0.057075225,n/a
2021,Canada,0,0,0,0,0,0,0,0,0,0,0,0,0,0,0,0,0,0,0,0,0,0,0,0,0,0,0,0,0,0,6.454850339,8.299427868,7.665128606,22.41940681,7,-1,-,0.031928303,n/a
2021,Czech Republic,0,0,0,0,0,0,0,0,0,0,0,0,0,0,0,0,0,0,0,0,0,0,0,0,0,0,0,0,0,0,4.95482233,3.921006836,4.726897575,13.60272674,24,-1,-,0.013677295,n/a
2021,Denmark,0,0,0,0,0,0,0,0,0,0,0,0,0,0,0,0,0,0,0,0,0,0,0,0,0,0,0,0,0,0,7.12042271,7.644893008,7.764248614,22.52956433,6,2,+,0.06659234,n/a
2021,Finland,0,0,0,0,0,0,0,0,0,0,0,0,0,0,0,0,0,0,0,0,0,0,0,0,0,0,0,0,0,0,6.111607658,8.462156734,5.417551386,19.99131578,15,-5,-,0.05331625,n/a
2021,France,0,0,0,0,0,0,0,0,0,0,0,0,0,0,0,0,0,0,0,0,0,0,0,0,0,0,0,0,0,0,3.427976916,7.464651013,7.17021552,18.06284345,18,3,+,0.07123271,n/a
2021,Germany,0,0,0,0,0,0,0,0,0,0,0,0,0,0,0,0,0,0,0,0,0,0,0,0,0,0,0,0,0,0,4.405070277,8.420412315,7.486890192,20.31237278,14,1,+,0.090266,n/a
2021,Greece,0,0,0,0,0,0,0,0,0,0,0,0,0,0,0,0,0,0,0,0,0,0,0,0,0,0,0,0,0,0,2.828731488,1.55225341,3.817882483,8.198867381,29,0,0,0.016520903,n/a
2021,Hungary,0,0,0,0,0,0,0,0,0,0,0,0,0,0,0,0,0,0,0,0,0,0,0,0,0,0,0,0,0,0,4.522103291,4.531352564,6.026092308,15.07954816,23,1,+,0.024702209,n/a
2021,Iceland,0,0,0,0,0,0,0,0,0,0,0,0,0,0,0,0,0,0,0,0,0,0,0,0,0,0,0,0,0,0,8.933481104,6.015364603,6.770366948,21.71921266,9,0,0,0.029058786,n/a
2021,Ireland,0,0,0,0,0,0,0,0,0,0,0,0,0,0,0,0,0,0,0,0,0,0,0,0,0,0,0,0,0,0,8.533169261,6.718151116,9.570184193,24.82150457,2,-1,-,0.030185853,n/a
2021,Italy,0,0,0,0,0,0,0,0,0,0,0,0,0,0,0,0,0,0,0,0,0,0,0,0,0,0,0,0,0,0,6.154686968,7.453040876,6.179654822,19.78738267,16,0,0,0.03192249,n/a
2021,Japan,0,0,0,0,0,0,0,0,0,0,0,0,0,0,0,0,0,0,0,0,0,0,0,0,0,0,0,0,0,0,5.193548772,7.144605325,6.624016382,18.96217048,17,2,+,0.038111436,n/a
2021,Korea,0,0,0,0,0,0,0,0,0,0,0,0,0,0,0,0,0,0,0,0,0,0,0,0,0,0,0,0,0,0,6.191560187,7.142536983,7.677393955,21.01149113,11,0,0,0.024929815,n/a
2021,Luxembourg,0,0,0,0,0,0,0,0,0,0,0,0,0,0,0,0,0,0,0,0,0,0,0,0,0,0,0,0,0,0,6.337159721,6.802764919,8.154294346,21.29421899,10,3,+,0.090502199,n/a
2021,Netherlands,0,0,0,0,0,0,0,0,0,0,0,0,0,0,0,0,0,0,0,0,0,0,0,0,0,0,0,0,0,0,6.003881774,7.944279675,7.896558281,21.84471973,8,6,+,0.045900489,n/a
2021,New Zealand,0,0,0,0,0,0,0,0,0,0,0,0,0,0,0,0,0,0,0,0,0,0,0,0,0,0,0,0,0,0,2.732904777,6.827699826,7.546557314,17.10716192,22,-2,-,0.031584415,n/a
2021,Norway,0,0,0,0,0,0,0,0,0,0,0,0,0,0,0,0,0,0,0,0,0,0,0,0,0,0,0,0,0,0,5.984732026,10,8.052450594,24.03718262,3,0,0,0.1250144,n/a
2021,Poland,0,0,0,0,0,0,0,0,0,0,0,0,0,0,0,0,0,0,0,0,0,0,0,0,0,0,0,0,0,0,3.601048369,3.320147527,4.406124228,11.32732012,26,0,0,0.018828898,n/a
2021,Portugal,0,0,0,0,0,0,0,0,0,0,0,0,0,0,0,0,0,0,0,0,0,0,0,0,0,0,0,0,0,0,4.770265353,3.554587971,4.079647314,12.40450064,25,0,0,0.0185082,n/a
2021,Slovak Republic,0,0,0,0,0,0,0,0,0,0,0,0,0,0,0,0,0,0,0,0,0,0,0,0,0,0,0,0,0,0,3.513965849,4.175951228,2.781856558,10.47177364,28,-1,-,0.017382368,n/a
2021,Slovenia,0,0,0,0,0,0,0,0,0,0,0,0,0,0,0,0,0,0,0,0,0,0,0,0,0,0,0,0,0,0,3.752955654,3.82914808,2.911795775,10.49389951,27,1,+,0.020441413,n/a
2021,Spain,0,0,0,0,0,0,0,0,0,0,0,0,0,0,0,0,0,0,0,0,0,0,0,0,0,0,0,0,0,0,5.613641052,5.762254648,6.580916037,17.95681174,19,-2,-,0.026523609,n/a
2021,Sweden,0,0,0,0,0,0,0,0,0,0,0,0,0,0,0,0,0,0,0,0,0,0,0,0,0,0,0,0,0,0,7.766626644,9.472753992,7.928838335,25.16821897,1,1,+,0.068398638,n/a
2021,Switzerland,0,0,0,0,0,0,0,0,0,0,0,0,0,0,0,0,0,0,0,0,0,0,0,0,0,0,0,0,0,0,5.042919962,7.999723924,7.752789876,20.79543376,13,-1,-,0.042889376,n/a
2021,United Kingdom,0,0,0,0,0,0,0,0,0,0,0,0,0,0,0,0,0,0,0,0,0,0,0,0,0,0,0,0,0,0,5.882332878,9.211464014,7.644814172,22.73861106,4,1,+,0.023981748,n/a
2021,United States,0,0,0,0,0,0,0,0,0,0,0,0,0,0,0,0,0,0,0,0,0,0,0,0,0,0,0,0,0,0,6.72497338,8.704461654,7.1678117,22.59724673,5,-1,-,0.022321451,n/a
